id,paper_id,paper_title,paper_arxiv_id,insight_type,title,description,confidence,extraction_method,created_at,content_fields,content_json
f85df014-42fa-4e55-b4c6-58e4a9456098,43bfc09d-d3d0-4f97-aa96-53006aa1f4a8,Rethinking Group Recommender Systems in the Era of Generative AI: From   One-Shot Recommendations to Agentic Group Decision Support,2507.00535v1,key_finding,"Key Finding: The introduction of the CHARM framework, which integrates a chatbot into existin...","Significance: This work is significant as it bridges the gap between theoretical research and practical applications in group recommender systems, proposing innovative solutions that leverage modern AI technologies to enhance user experience and decision-making. | Impact: The research suggests practical applications in various industries, such as tourism and entertainment, where enhanced group decision-making can be achieved through the integration of AI into existing communication platforms, improving user satisfaction and engagement.",0.91,chain_of_thought,2025-07-25T19:39:50.129856,significance; audience_hook; problem_solved; practical_impact; field_advancement; main_contribution; surprising_insight,"{
  ""significance"": ""This work is significant as it bridges the gap between theoretical research and practical applications in group recommender systems, proposing innovative solutions that leverage modern AI technologies to enhance user experience and decision-making."",
  ""audience_hook"": ""This research paper addresses the critical gap in the practical application of group recommender systems, emphasizing the need for systems that align with user expectations and enhance decision-making processes through Generative AI."",
  ""problem_solved"": ""The paper addresses the misalignment of existing group recommender systems with user needs, particularly in real-world applications, by proposing a shift towards more interactive and supportive decision-making environments facilitated by Generative AI."",
  ""practical_impact"": ""The research suggests practical applications in various industries, such as tourism and entertainment, where enhanced group decision-making can be achieved through the integration of AI into existing communication platforms, improving user satisfaction and engagement."",
  ""field_advancement"": ""The paper proposes a novel framework for group recommender systems that integrates Generative AI technologies, particularly focusing on chat-based interactions to facilitate more natural and effective group decision-making."",
  ""main_contribution"": ""The introduction of the CHARM framework, which integrates a chatbot into existing chat platforms to mediate group decision-making, and the vision for agentic group decision support using Generative AI to enhance user engagement and interaction."",
  ""surprising_insight"": ""The potential of Generative AI to not only provide recommendations but also to actively participate in discussions, monitor group dynamics, and facilitate decision-making processes in a proactive manner, which could transform traditional group recommender systems.""
}"
30397db3-0276-4c0e-88f8-d5c495aec192,43bfc09d-d3d0-4f97-aa96-53006aa1f4a8,Rethinking Group Recommender Systems in the Era of Generative AI: From   One-Shot Recommendations to Agentic Group Decision Support,2507.00535v1,key_finding,Key Finding: The main contribution is the proposal of a new framework for group recommender s...,"Significance: The significance lies in its potential to increase the adoption of group recommender systems in real-world applications by making them more user-friendly and aligned with natural group dynamics. | Impact: This research suggests practical implementations of AI-driven group recommender systems that can be integrated into existing chat platforms like WhatsApp or Telegram, enhancing user experience and engagement in group decision-making.",0.0,chain_of_thought,2025-07-25T19:38:12.383837,significance; audience_hook; problem_solved; practical_impact; field_advancement; main_contribution; surprising_insight,"{
  ""significance"": ""The significance lies in its potential to increase the adoption of group recommender systems in real-world applications by making them more user-friendly and aligned with natural group dynamics."",
  ""audience_hook"": ""This research paper addresses the limitations of current group recommender systems and proposes a transformative approach leveraging Generative AI to enhance group decision-making processes."",
  ""problem_solved"": ""The paper addresses the problem of ineffective group decision-making in existing systems by proposing a model that allows for dynamic interaction and real-time feedback among group members, thus improving the overall decision quality."",
  ""practical_impact"": ""This research suggests practical implementations of AI-driven group recommender systems that can be integrated into existing chat platforms like WhatsApp or Telegram, enhancing user experience and engagement in group decision-making."",
  ""field_advancement"": ""The paper advances the field of group recommender systems by integrating Generative AI technologies, particularly Large Language Models (LLMs), to facilitate more interactive and agentic group decision-making."",
  ""main_contribution"": ""The main contribution is the proposal of a new framework for group recommender systems that utilizes chat-based interactions and AI agents to support real-time decision-making, moving beyond traditional preference aggregation methods."",
  ""surprising_insight"": ""A surprising insight is the potential for LLMs to not only provide recommendations but also to actively facilitate discussions, monitor group dynamics, and intervene when necessary to ensure balanced participation.""
}"
602d10d8-2c08-47c0-ad06-16fc27406cc4,43bfc09d-d3d0-4f97-aa96-53006aa1f4a8,Rethinking Group Recommender Systems in the Era of Generative AI: From   One-Shot Recommendations to Agentic Group Decision Support,2507.00535v1,key_finding,Key Finding: The authors propose leveraging Generative AI to create co...,Comprehensive synthesis of Rethinking Group Recommender Systems in the Era of Generative AI: From   One-Shot Recommendations to Agentic Group Decision Support highlighting its significance and impact.,1.0,comprehensive_synthesis_key_finding,2025-07-25T18:30:09.218216,significance; audience_hook; problem_solved; practical_impact; field_advancement; main_contribution; surprising_insight,"{
  ""significance"": ""This research is significant as it challenges existing assumptions in the field and proposes innovative solutions that could transform how groups make decisions, making the technology more relevant and user-friendly."",
  ""audience_hook"": ""In an era where Generative AI is reshaping decision-making processes, understanding the evolution and future potential of group recommender systems is crucial for both researchers and practitioners."",
  ""problem_solved"": ""The paper addresses the disconnect between academic research on group recommender systems and their practical implementation, highlighting the lack of real-world examples and the need for systems that meet user expectations."",
  ""practical_impact"": ""By rethinking the design of group recommender systems to incorporate AI-driven conversational agents, this research aims to increase user engagement and satisfaction, ultimately leading to broader adoption in real-world applications."",
  ""field_advancement"": ""This paper advocates for a paradigm shift in group recommender systems, emphasizing the need for systems that facilitate interactive, agentic decision-making rather than merely aggregating individual preferences."",
  ""main_contribution"": ""The authors propose leveraging Generative AI to create conversational group recommender systems that support real-time interaction among users, enhancing the decision-making process and aligning with natural group dynamics."",
  ""surprising_insight"": ""A notable finding is that despite extensive literature on group recommender systems, there is a scarcity of practical implementations, suggesting a misalignment between theoretical advancements and user needs.""
}"
d9637cbd-a99a-4e35-9d83-c2d0e0430be3,43bfc09d-d3d0-4f97-aa96-53006aa1f4a8,Rethinking Group Recommender Systems in the Era of Generative AI: From   One-Shot Recommendations to Agentic Group Decision Support,2507.00535v1,key_finding,Key Finding: The paper proposes a new framework for group recommender ...,Comprehensive synthesis of Rethinking Group Recommender Systems in the Era of Generative AI: From   One-Shot Recommendations to Agentic Group Decision Support highlighting its significance and impact.,1.0,comprehensive_synthesis_key_finding,2025-07-25T18:24:22.860462,significance; audience_hook; problem_solved; practical_impact; field_advancement; main_contribution; surprising_insight,"{
  ""significance"": ""This work highlights critical gaps in current group recommendation literature and suggests that embracing generative AI can bridge these gaps, fostering more effective group decision-making."",
  ""audience_hook"": ""As generative AI transforms decision-making processes, understanding its role in group recommendations is crucial for both researchers and practitioners."",
  ""problem_solved"": ""The research addresses the disconnect between existing group recommender systems and actual user needs, particularly in terms of communication and decision-making processes."",
  ""practical_impact"": ""By rethinking group recommendation systems to incorporate AI-driven interactions, this research aims to improve user engagement and satisfaction, potentially leading to broader adoption in real-world applications."",
  ""field_advancement"": ""This paper advocates for a paradigm shift in group recommender systems, emphasizing the integration of generative AI to enhance collaborative decision-making."",
  ""main_contribution"": ""The paper proposes a new framework for group recommender systems that leverages generative AI to facilitate agentic decision support, moving beyond traditional one-shot recommendations."",
  ""surprising_insight"": ""Despite extensive research on group recommender systems, the lack of real-world implementations reveals a significant misalignment between academic theories and practical user expectations.""
}"
76eb5bf2-e73d-44de-86af-3a9b8863422d,43bfc09d-d3d0-4f97-aa96-53006aa1f4a8,Rethinking Group Recommender Systems in the Era of Generative AI: From   One-Shot Recommendations to Agentic Group Decision Support,2507.00535v1,key_finding,Key Finding Insight,Structured key finding extracted from paper,1.0,rubric_key_finding,2025-07-25T18:18:08.943621,significance; audience_hook; problem_solved; practical_impact; field_advancement; main_contribution; surprising_insight,"{
  ""significance"": ""This work is significant as it challenges long-held assumptions in the field and opens up new avenues for research and application, particularly in leveraging AI to facilitate group decision-making."",
  ""audience_hook"": ""This survey highlights the transformative potential of Generative AI in enhancing group recommender systems, urging a shift from traditional methods to more interactive, AI-assisted decision-making processes."",
  ""problem_solved"": ""The paper identifies the lack of real-world applications of group recommender systems and the misalignment of existing designs with user needs, proposing a solution through AI-enhanced interaction."",
  ""practical_impact"": ""By addressing the gap between theoretical models and practical implementations, this survey encourages practitioners to rethink how group recommendations are made, potentially leading to increased adoption and effectiveness of these systems."",
  ""field_advancement"": ""The paper advocates for a reorientation in group recommender systems, emphasizing the integration of Generative AI to create more effective and user-friendly decision support tools."",
  ""main_contribution"": ""It synthesizes existing literature on group recommender systems and critiques the disconnect between academic research and real-world applications, proposing a new framework that incorporates AI-driven interactions."",
  ""surprising_insight"": ""A notable finding is the realization that despite extensive research, there are few practical implementations of group recommender systems, indicating a critical gap in translating theory into practice.""
}"
566cbfd4-591c-4b0f-bf5c-be3703a13302,43bfc09d-d3d0-4f97-aa96-53006aa1f4a8,Rethinking Group Recommender Systems in the Era of Generative AI: From   One-Shot Recommendations to Agentic Group Decision Support,2507.00535v1,concept,Key Concepts in Group Recommender Systems and Artificial Intelligence,Comprehensive analysis covering 3 key concepts,1.0,rubric_concept,2025-07-25T18:18:08.922179,scope; key_concepts; research_gaps; research_domain; research_trends; future_directions,"{
  ""scope"": ""The survey covers the evolution of group recommender systems, their algorithmic foundations, and the potential integration of Generative AI to enhance user interaction and decision-making."",
  ""key_concepts"": [
    {
      ""concept"": ""Group Recommender Systems"",
      ""definition"": ""Systems designed to provide recommendations to groups of users based on their collective preferences.""
    },
    {
      ""concept"": ""Generative AI"",
      ""definition"": ""Artificial intelligence systems that can generate content or assist in decision-making processes, such as ChatGPT.""
    },
    {
      ""concept"": ""Agentic Decision Support"",
      ""definition"": ""A system's ability to assist users in decision-making in a proactive and interactive manner.""
    }
  ],
  ""research_gaps"": [
    ""Lack of real-world applications of group recommender systems despite extensive theoretical research."",
    ""Insufficient understanding of communication processes in groups when using recommendation systems.""
  ],
  ""research_domain"": ""Group Recommender Systems and Artificial Intelligence"",
  ""research_trends"": [
    ""Shift towards integrating AI technologies in group decision-making processes."",
    ""Increased focus on user expectations and needs in the design of recommendation systems.""
  ],
  ""future_directions"": [
    ""Leveraging Generative AI for enhanced group decision-making support""
  ]
}"
986b2306-41b3-4bf5-ae1f-22c4a464802c,43bfc09d-d3d0-4f97-aa96-53006aa1f4a8,Rethinking Group Recommender Systems in the Era of Generative AI: From   One-Shot Recommendations to Agentic Group Decision Support,2507.00535v1,key_finding,Key Finding Insight,Structured key finding extracted from paper,1.0,rubric_key_finding,2025-07-25T18:10:12.234202,significance; audience_hook; problem_solved; practical_impact; field_advancement; main_contribution; surprising_insight,"{
  ""significance"": ""This work highlights the underutilization of group recommender systems in practice and emphasizes the need for innovative approaches that leverage modern AI technologies."",
  ""audience_hook"": ""Explore how generative AI can transform group decision-making processes and enhance the effectiveness of group recommender systems."",
  ""problem_solved"": ""The paper addresses the disconnect between academic research assumptions and real-world user needs in group recommendation contexts, advocating for systems that better support group dynamics."",
  ""practical_impact"": ""By rethinking the design of group recommender systems, practitioners can create more effective tools that facilitate collaborative decision-making, potentially leading to increased adoption in various domains."",
  ""field_advancement"": ""The integration of generative AI into group recommender systems represents a significant shift from traditional one-shot recommendations to dynamic, interactive decision support."",
  ""main_contribution"": ""This survey critiques existing group recommender systems and proposes a new framework that incorporates generative AI to better align with user needs and enhance group interactions."",
  ""surprising_insight"": ""Despite extensive research, the lack of real-world applications for group recommender systems suggests a fundamental misalignment between theoretical models and practical user requirements.""
}"
4697a0df-b49d-413e-af31-df39f51dd3f9,43bfc09d-d3d0-4f97-aa96-53006aa1f4a8,Rethinking Group Recommender Systems in the Era of Generative AI: From   One-Shot Recommendations to Agentic Group Decision Support,2507.00535v1,concept,Key Concepts in Group Recommender Systems and Generative AI,Comprehensive analysis covering 3 key concepts,1.0,rubric_concept,2025-07-25T18:10:12.206243,scope; key_concepts; research_gaps; research_domain; research_trends; future_directions,"{
  ""scope"": ""The survey covers the evolution of group recommender systems, the impact of generative AI, and the need for reorientation in research to better meet user needs."",
  ""key_concepts"": [
    {
      ""concept"": ""Group Recommender Systems"",
      ""definition"": ""Systems designed to provide recommendations to groups of users rather than individual users.""
    },
    {
      ""concept"": ""Generative AI"",
      ""definition"": ""Artificial intelligence systems capable of generating content or assisting in decision-making processes.""
    },
    {
      ""concept"": ""Agentic Decision Support"",
      ""definition"": ""A system's ability to assist users in decision-making in a proactive and interactive manner.""
    }
  ],
  ""research_gaps"": [
    ""Lack of real-world examples of effective group recommender systems."",
    ""Insufficient understanding of communication processes in groups during recommendation-supported decisions.""
  ],
  ""research_domain"": ""Group Recommender Systems and Generative AI"",
  ""research_trends"": [
    ""Increasing integration of AI technologies in group decision-making processes."",
    ""Shift from traditional recommendation systems to more interactive and agentic systems.""
  ],
  ""future_directions"": [
    ""Developing AI-based group recommendation agents that facilitate natural group decision-making processes.""
  ]
}"
6cb63808-6882-4941-9697-22c2ee0c128e,43bfc09d-d3d0-4f97-aa96-53006aa1f4a8,Rethinking Group Recommender Systems in the Era of Generative AI: From   One-Shot Recommendations to Agentic Group Decision Support,2507.00535v1,key_finding,Key Finding Insight,Structured key finding extracted from paper,1.0,rubric_key_finding,2025-07-25T18:07:54.722244,significance; audience_hook; problem_solved; practical_impact; field_advancement; main_contribution; surprising_insight,"{
  ""significance"": ""This work is significant as it not only critiques the current state of group recommender systems but also provides a forward-looking vision that leverages cutting-edge AI technology to meet user needs."",
  ""audience_hook"": ""The integration of Generative AI into group recommender systems could revolutionize how groups make decisions, moving from traditional one-shot recommendations to dynamic, interactive support."",
  ""problem_solved"": ""The paper addresses the disconnect between academic research on group recommendations and their practical implementation, challenging existing assumptions about group communication and decision-making."",
  ""practical_impact"": ""By rethinking group recommender systems, this research could lead to increased adoption and effectiveness of these systems in real-world applications, enhancing collaborative decision-making."",
  ""field_advancement"": ""This paper highlights the need for a paradigm shift in group recommender systems, advocating for the use of AI to facilitate more natural and effective group decision-making processes."",
  ""main_contribution"": ""The authors propose a new framework for group recommender systems that incorporates Generative AI, emphasizing the importance of aligning system designs with user expectations and communication processes."",
  ""surprising_insight"": ""Despite extensive literature on group recommender systems, there is a notable lack of real-world applications, suggesting a gap between theoretical research and practical utility.""
}"
b4abe7c9-054e-4873-85d4-7aaf389bbd61,43bfc09d-d3d0-4f97-aa96-53006aa1f4a8,Rethinking Group Recommender Systems in the Era of Generative AI: From   One-Shot Recommendations to Agentic Group Decision Support,2507.00535v1,concept,Key Concepts in Group Recommendation Systems,Comprehensive analysis covering 3 key concepts,1.0,rubric_concept,2025-07-25T18:07:54.707044,scope; key_concepts; research_gaps; research_domain; research_trends; future_directions,"{
  ""scope"": ""The survey covers the evolution of group recommender systems, the integration of AI technologies, and the need for a user-centered approach in system design."",
  ""key_concepts"": [
    {
      ""concept"": ""Group Recommender Systems"",
      ""definition"": ""Systems designed to provide recommendations to groups of users based on their collective preferences.""
    },
    {
      ""concept"": ""Generative AI"",
      ""definition"": ""Artificial intelligence systems that can generate content or assist in decision-making processes through interactive communication.""
    },
    {
      ""concept"": ""Agentic Decision Support"",
      ""definition"": ""An approach where AI systems actively assist and influence the decision-making process of human users.""
    }
  ],
  ""research_gaps"": [
    ""Lack of real-world applications of group recommender systems despite extensive theoretical research."",
    ""Insufficient understanding of communication processes in groups when using recommendation systems.""
  ],
  ""research_domain"": ""Group Recommendation Systems"",
  ""research_trends"": [
    ""Shift towards leveraging AI technologies in group decision-making."",
    ""Increasing focus on user needs and expectations in the design of recommendation systems.""
  ],
  ""future_directions"": [
    ""Integrating Generative AI to enhance group decision-making processes"",
    ""Developing agentic group recommendation systems that facilitate natural interactions""
  ]
}"
b00706ca-6edc-42ae-a177-044c311dce09,ef8bf9ed-e622-487c-97d1-01714a8ed2bd,Scaling Laws for Neural Language Models,2001.08361v1,key_finding,Key Finding Insight,Structured key finding extracted from paper,1.0,rubric_key_finding,2025-07-25T17:55:10.703212,significance; audience_hook; problem_solved; practical_impact; field_advancement; main_contribution; surprising_insight,"{
  ""significance"": ""The findings are significant because they offer a clear, data-driven approach to model training that can lead to breakthroughs in AI applications, making advanced language models more accessible and practical for various uses."",
  ""audience_hook"": ""Imagine if you could predict the performance of AI language models just by knowing their size and the amount of data used to train them."",
  ""problem_solved"": ""This research addresses the challenge of overfitting and inefficient training in language models, helping researchers and developers avoid wasting resources on suboptimal model configurations."",
  ""practical_impact"": ""By applying these scaling laws, practitioners can allocate their computational budgets more effectively, leading to faster and more efficient training of language models, which is crucial in a world where AI capabilities are rapidly evolving."",
  ""field_advancement"": ""This research introduces empirical scaling laws that reveal how language model performance is influenced by model size, dataset size, and compute resources, fundamentally changing our understanding of model training."",
  ""main_contribution"": ""The paper provides a framework for optimizing the training of neural language models by establishing power-law relationships that dictate how performance scales with various factors, enabling more efficient use of computational resources."",
  ""surprising_insight"": ""One surprising insight is that larger models can be trained effectively on relatively modest datasets, challenging the conventional wisdom that more data is always necessary for better performance.""
}"
d6979f46-4948-49e4-8243-6461b91a9593,ef8bf9ed-e622-487c-97d1-01714a8ed2bd,Scaling Laws for Neural Language Models,2001.08361v1,methodology,Implementation Methodology,Implementation methodology with 5 steps,1.0,rubric_methodology,2025-07-25T17:55:10.681701,steps; inputs; outputs; validation_approach,"{
  ""steps"": [
    {
      ""step"": ""Analyze the relationship between model size, dataset size, and compute used."",
      ""description"": ""Determine the scaling laws for model performance based on empirical data.""
    },
    {
      ""step"": ""Derive equations that relate model/dataset size to overfitting and training speed."",
      ""description"": ""Establish equations governing overfitting and training speed.""
    },
    {
      ""step"": ""Calculate the optimal allocation of compute budget for training large models."",
      ""description"": ""Optimize compute allocation for training.""
    },
    {
      ""step"": ""Train large models on a modest dataset while monitoring performance."",
      ""description"": ""Implement training of large models.""
    },
    {
      ""step"": ""Assess the training efficiency and performance metrics before convergence."",
      ""description"": ""Evaluate model performance and efficiency.""
    }
  ],
  ""inputs"": [
    ""model size"",
    ""dataset size"",
    ""compute budget""
  ],
  ""outputs"": [
    ""optimal model configuration"",
    ""training efficiency metrics""
  ],
  ""validation_approach"": ""Empirical evaluation of model performance against established scaling laws and efficiency metrics.""
}"
404b08b2-2e9d-4793-b5d6-1e4eca21da66,ef8bf9ed-e622-487c-97d1-01714a8ed2bd,Scaling Laws for Neural Language Models,2001.08361v1,key_finding,Key Finding Insight,Structured key finding extracted from paper,1.0,rubric_key_finding,2025-07-25T17:54:30.417084,significance; audience_hook; problem_solved; practical_impact; field_advancement; main_contribution; surprising_insight,"{
  ""significance"": ""The findings shift the paradigm in how researchers and practitioners approach the training of neural language models, highlighting the importance of model size and compute over other architectural choices."",
  ""audience_hook"": ""Imagine if you could predict the performance of language models just by knowing their size and the amount of data used to train them."",
  ""problem_solved"": ""This research addresses the challenge of optimizing training strategies for large language models, which can be resource-intensive and costly."",
  ""practical_impact"": ""By applying these scaling laws, practitioners can make informed decisions about resource allocation, leading to more efficient training processes and better-performing models."",
  ""field_advancement"": ""This research introduces empirical scaling laws that reveal how model size, dataset size, and compute power interact to influence language model performance."",
  ""main_contribution"": ""The paper provides a framework for understanding the optimal allocation of computational resources in training large language models, emphasizing the power-law relationships governing performance."",
  ""surprising_insight"": ""One of the key insights is that larger models are much more sample-efficient, suggesting that training on less data can still yield high performance if the model is sufficiently large.""
}"
fb8e7adf-2eea-43f8-bc6d-8097b85d23d3,ef8bf9ed-e622-487c-97d1-01714a8ed2bd,Scaling Laws for Neural Language Models,2001.08361v1,methodology,Implementation Methodology,Implementation methodology with 4 steps,1.0,rubric_methodology,2025-07-25T17:54:30.397871,steps; inputs; outputs; validation_approach,"{
  ""steps"": [
    {
      ""step"": ""Analyze the relationship between model size, dataset size, and compute used."",
      ""description"": ""Determine the scaling laws for model performance based on empirical data.""
    },
    {
      ""step"": ""Derive equations that relate overfitting to model/dataset size and training speed to model size."",
      ""description"": ""Establish equations governing overfitting and training speed.""
    },
    {
      ""step"": ""Use derived relationships to allocate compute budget effectively for training large models."",
      ""description"": ""Optimize compute allocation for training.""
    },
    {
      ""step"": ""Implement training of large models on modest datasets, stopping before convergence."",
      ""description"": ""Train the model with the determined optimal configuration.""
    }
  ],
  ""inputs"": [
    ""model size"",
    ""dataset size"",
    ""compute budget""
  ],
  ""outputs"": [
    ""optimal model configuration"",
    ""training efficiency metrics""
  ],
  ""validation_approach"": ""Evaluate model performance based on cross-entropy loss and sample efficiency metrics.""
}"
372a3fff-8cf8-478a-afe3-f50d06940985,ef8bf9ed-e622-487c-97d1-01714a8ed2bd,Scaling Laws for Neural Language Models,2001.08361v1,key_finding,Key Finding Insight,Structured key finding extracted from paper,1.0,rubric_key_finding,2025-07-25T17:49:04.968325,significance; audience_hook; problem_solved; practical_impact; field_advancement; main_contribution; surprising_insight,"{
  ""significance"": ""The findings have significant implications for both researchers and practitioners in the field of machine learning, as they offer a systematic approach to model training that can lead to breakthroughs in language processing tasks."",
  ""audience_hook"": ""Imagine being able to predict how much better a language model will perform just by knowing its size and the amount of data used for training."",
  ""problem_solved"": ""This research addresses the challenge of optimizing training strategies for language models, particularly in balancing model size and dataset size to achieve the best performance."",
  ""practical_impact"": ""By applying these scaling laws, practitioners can make informed decisions about resource allocation, leading to more efficient training processes and better-performing models without the need for excessive data."",
  ""field_advancement"": ""This research introduces empirical scaling laws that quantitatively describe how language model performance improves with increased model size, dataset size, and computational resources."",
  ""main_contribution"": ""The paper provides a framework for understanding the optimal allocation of computational resources in training neural language models, revealing that larger models are more sample-efficient."",
  ""surprising_insight"": ""One of the most surprising insights is that larger models can achieve better performance with less data than previously thought, suggesting a shift in how we approach model training.""
}"
add61f4c-c2fb-4a76-9a75-a0f36335a014,ef8bf9ed-e622-487c-97d1-01714a8ed2bd,Scaling Laws for Neural Language Models,2001.08361v1,methodology,Implementation Methodology,Implementation methodology with 5 steps,1.0,rubric_methodology,2025-07-25T17:49:04.958400,steps; inputs; outputs; validation_approach,"{
  ""steps"": [
    {
      ""step"": ""Analyze the relationship between model size, dataset size, and compute used."",
      ""description"": ""Determine the scaling laws for model performance based on empirical data.""
    },
    {
      ""step"": ""Derive simple equations that relate overfitting to model/dataset size."",
      ""description"": ""Establish equations governing overfitting and training speed.""
    },
    {
      ""step"": ""Calculate the optimal allocation of a fixed compute budget for training large models."",
      ""description"": ""Optimize compute allocation for training.""
    },
    {
      ""step"": ""Train large models on a modest dataset while monitoring performance."",
      ""description"": ""Implement training of large models.""
    },
    {
      ""step"": ""Assess sample efficiency and determine stopping criteria before convergence."",
      ""description"": ""Evaluate training efficiency.""
    }
  ],
  ""inputs"": [
    ""model size"",
    ""dataset size"",
    ""compute budget""
  ],
  ""outputs"": [
    ""optimal model configuration"",
    ""training efficiency metrics""
  ],
  ""validation_approach"": ""Empirical evaluation of model performance against established scaling laws and efficiency metrics.""
}"
e598ecb0-89fa-44ce-b7f8-f09d9c138782,ef8bf9ed-e622-487c-97d1-01714a8ed2bd,Scaling Laws for Neural Language Models,2001.08361v1,key_finding,Key Finding Insight,Structured key finding extracted from paper,1.0,rubric_key_finding,2025-07-25T17:01:09.577297,significance; audience_hook; problem_solved; practical_impact; field_advancement; main_contribution; surprising_insight,"{
  ""significance"": ""Mock significance content based on text analysis"",
  ""audience_hook"": ""Mock audience_hook content based on text analysis"",
  ""problem_solved"": ""Natural Language Processing"",
  ""practical_impact"": ""Mock practical_impact content based on text analysis"",
  ""field_advancement"": ""Mock field_advancement content based on text analysis"",
  ""main_contribution"": ""Mock main_contribution content based on text analysis"",
  ""surprising_insight"": ""Mock surprising_insight content based on text analysis""
}"
fcf52e14-c9fe-492c-8ac4-ab538c8fefce,ef8bf9ed-e622-487c-97d1-01714a8ed2bd,Scaling Laws for Neural Language Models,2001.08361v1,methodology,Implementation Methodology,Implementation methodology with 3 steps,1.0,rubric_methodology,2025-07-25T17:01:09.560763,steps; inputs; outputs; validation_approach,"{
  ""steps"": [
    {
      ""step"": ""Input Processing"",
      ""description"": ""Tokenize and embed input sequences""
    },
    {
      ""step"": ""Attention Computation"",
      ""description"": ""Calculate attention weights and apply to values""
    },
    {
      ""step"": ""Output Generation"",
      ""description"": ""Generate final predictions from attended representations""
    }
  ],
  ""inputs"": [
    ""Mock inputs item 1"",
    ""Mock inputs item 2"",
    ""Mock inputs item 3""
  ],
  ""outputs"": [
    ""Mock outputs item 1"",
    ""Mock outputs item 2"",
    ""Mock outputs item 3""
  ],
  ""validation_approach"": ""Core technical concept extracted from paper""
}"
5625e080-daf1-4618-8a88-12f70a04b576,7c830db3-6c56-42e3-8085-6339ec459844,TheAgentCompany: Benchmarking LLM Agents on Consequential Real World   Tasks,2412.14161v2,key_finding,Key Finding Insight,Structured key finding extracted from paper,1.0,rubric_key_finding,2025-07-25T15:35:47.228867,significance; audience_hook; problem_solved; practical_impact; field_advancement; main_contribution; surprising_insight,"{
  ""significance"": ""The results highlight that while AI agents can handle simpler tasks autonomously, they struggle with more complex, long-term tasks, indicating a need for further development in AI capabilities."",
  ""audience_hook"": ""Practitioners looking to integrate AI agents into their workflows will find critical insights on performance and task automation."",
  ""problem_solved"": ""This research addresses the gap in evaluating AI agents' effectiveness in real-world professional environments, providing a clearer picture of their task automation potential."",
  ""practical_impact"": ""Organizations can use these findings to make informed decisions about which AI agents to adopt, particularly in understanding the limitations and capabilities of current LLM technologies."",
  ""field_advancement"": ""The introduction of TheAgentCompany benchmark provides a structured way to evaluate LLM agents in real-world task scenarios, advancing the understanding of AI capabilities in professional settings."",
  ""main_contribution"": ""The paper presents a comprehensive benchmark for assessing the performance of AI agents in completing work-related tasks, revealing that the best-performing agent can autonomously complete 30% of tasks."",
  ""surprising_insight"": ""It is noteworthy that a significant portion of tasks can be automated, yet the challenges with long-horizon tasks reveal the current limitations of LLM agents, which may not have been anticipated.""
}"
a3390522-4bac-426c-99e7-498a7a46a7c1,7c830db3-6c56-42e3-8085-6339ec459844,TheAgentCompany: Benchmarking LLM Agents on Consequential Real World   Tasks,2412.14161v2,data_point,Experimental Results (1 metrics),Quantitative results and performance metrics from experiments,1.0,rubric_data_point,2025-07-25T15:35:47.225224,metrics; baselines; benchmarks; comparisons; key_findings; statistical_analysis,"{
  ""metrics"": [
    {
      ""name"": ""Task completion rate"",
      ""unit"": ""percentage"",
      ""value"": ""30%""
    }
  ],
  ""baselines"": [
    {
      ""method"": ""Closed API-based language models"",
      ""performance"": ""30% of tasks completed autonomously""
    },
    {
      ""method"": ""Open-weights language models"",
      ""performance"": ""30% of tasks completed autonomously""
    }
  ],
  ""benchmarks"": [
    {
      ""name"": ""TheAgentCompany"",
      ""size"": ""Not specified"",
      ""description"": ""A self-contained environment mimicking a small software company with various tasks.""
    }
  ],
  ""comparisons"": [
    {
      ""result"": ""Both achieved similar performance of 30% task completion"",
      ""method_a"": ""Closed API-based language models"",
      ""method_b"": ""Open-weights language models""
    }
  ],
  ""key_findings"": [
    ""A significant portion of simpler tasks can be solved autonomously by LLM agents, while more complex tasks remain challenging.""
  ],
  ""statistical_analysis"": ""Not specified""
}"
2b23fb2d-3f3f-49f8-b59d-154cf3416d7c,a21464d6-f1e9-4b7e-9b63-fe78c774918d,Attention Is All You Need,1706.03762v7,key_finding,Key Finding Insight,Structured key finding extracted from paper,1.0,rubric_key_finding,2025-07-25T15:35:36.256101,significance; audience_hook; problem_solved; practical_impact; field_advancement; main_contribution; surprising_insight,"{
  ""significance"": ""By simplifying the architecture and improving performance, this work paves the way for advancements in various natural language processing tasks beyond translation."",
  ""audience_hook"": ""Imagine a world where translating languages is faster and more efficient than ever before, thanks to a groundbreaking new approach."",
  ""problem_solved"": ""The paper addresses the inefficiencies and limitations of traditional sequence transduction models, which often require extensive computational resources and time."",
  ""practical_impact"": ""This innovation allows practitioners to develop translation systems that are not only faster but also more accurate, making high-quality translation accessible to a wider audience."",
  ""field_advancement"": ""The introduction of the Transformer architecture revolutionizes sequence transduction by relying solely on attention mechanisms, eliminating the need for complex recurrent or convolutional networks."",
  ""main_contribution"": ""The Transformer model achieves state-of-the-art results in machine translation tasks while being significantly more efficient in training time and resource usage."",
  ""surprising_insight"": ""The realization that attention mechanisms alone can outperform complex architectures challenges long-held beliefs about the necessity of recurrence and convolutions in deep learning.""
}"
1e0483d5-63a2-4a91-ad94-94020461885f,a21464d6-f1e9-4b7e-9b63-fe78c774918d,Attention Is All You Need,1706.03762v7,methodology,Implementation Methodology,Implementation methodology with 7 steps,1.0,rubric_methodology,2025-07-25T15:35:36.253117,steps; inputs; outputs; validation_approach,"{
  ""steps"": [
    {
      ""step"": ""Step 1: Tokenization"",
      ""description"": ""Tokenize the input text sequences into subword units.""
    },
    {
      ""step"": ""Step 2: Embedding"",
      ""description"": ""Create embeddings for the input tokens to represent them in a continuous vector space.""
    },
    {
      ""step"": ""Step 3: Self-Attention"",
      ""description"": ""Apply the multi-head self-attention mechanism to capture dependencies between input tokens.""
    },
    {
      ""step"": ""Step 4: Feed-Forward Networks"",
      ""description"": ""Pass the output through feed-forward neural networks for further processing.""
    },
    {
      ""step"": ""Step 5: Normalization and Residuals"",
      ""description"": ""Use layer normalization and residual connections to stabilize training.""
    },
    {
      ""step"": ""Step 6: Stacking Layers"",
      ""description"": ""Repeat the attention and feed-forward steps for a specified number of layers.""
    },
    {
      ""step"": ""Step 7: Decoding"",
      ""description"": ""Generate the output sequence using the decoder with attention on the encoder's output.""
    }
  ],
  ""inputs"": [
    ""Input sequences in the form of tokenized text data""
  ],
  ""outputs"": [
    ""Translated sequences in the target language""
  ],
  ""validation_approach"": ""Evaluate model performance using BLEU scores on translation tasks.""
}"
1186b47c-70cb-4ba3-8b41-3d4b1149263a,a21464d6-f1e9-4b7e-9b63-fe78c774918d,Attention Is All You Need,1706.03762v7,framework,Framework: Transformer,"Framework analysis: A network architecture based solely on attention mechanisms, eliminating the need for recurrence and convolutions.",0.63,rubric_framework,2025-07-25T15:35:36.208179,name; components; innovations; architecture; core_concept; comparison_to_existing,"{
  ""name"": ""Transformer"",
  ""components"": [
    ""Encoder"",
    ""Decoder"",
    ""Attention Mechanism""
  ],
  ""innovations"": [
    ""Improved parallelization during training"",
    ""Significantly reduced training time"",
    ""State-of-the-art performance on multiple translation tasks""
  ],
  ""architecture"": ""Transformer"",
  ""core_concept"": ""A network architecture based solely on attention mechanisms, eliminating the need for recurrence and convolutions."",
  ""comparison_to_existing"": ""The Transformer model outperforms existing models that rely on recurrent or convolutional neural networks, achieving better translation quality and requiring less training time.""
}"
0509edbe-b743-4c3a-8649-ce6ebe7bd4f2,7c830db3-6c56-42e3-8085-6339ec459844,TheAgentCompany: Benchmarking LLM Agents on Consequential Real World   Tasks,2412.14161v2,key_finding,Key Finding Insight,Structured key finding extracted from paper,1.0,rubric_key_finding,2025-07-25T15:33:36.460811,significance; audience_hook; problem_solved; practical_impact; field_advancement; main_contribution; surprising_insight,"{
  ""significance"": ""The finding that the most competitive agent can autonomously complete 30% of tasks signifies a meaningful step towards integrating AI into everyday work, while also indicating that more complex tasks remain challenging."",
  ""audience_hook"": ""Practitioners looking to integrate AI into their workflows will find critical insights on the performance of AI agents in real-world tasks."",
  ""problem_solved"": ""This research addresses the gap in understanding how well AI agents can perform real-world tasks, providing clarity on their current capabilities and limitations."",
  ""practical_impact"": ""Organizations can leverage these findings to make informed decisions about adopting AI agents for specific tasks, particularly in identifying which tasks can be automated effectively."",
  ""field_advancement"": ""This research advances the understanding of AI agents' capabilities in performing professional tasks, highlighting the potential for automation in workplace settings."",
  ""main_contribution"": ""The introduction of TheAgentCompany benchmark provides a structured way to evaluate AI agents' performance in a simulated work environment, revealing their strengths and limitations."",
  ""surprising_insight"": ""It is noteworthy that while simpler tasks can be automated, the research reveals that long-horizon tasks still pose significant challenges for current AI systems, which may not have been anticipated.""
}"
8c7a2c91-4529-4454-bc37-5d58d30a8a44,7c830db3-6c56-42e3-8085-6339ec459844,TheAgentCompany: Benchmarking LLM Agents on Consequential Real World   Tasks,2412.14161v2,data_point,Experimental Results (1 metrics),Quantitative results and performance metrics from experiments,1.0,rubric_data_point,2025-07-25T15:33:36.455181,metrics; baselines; benchmarks; comparisons; key_findings; statistical_analysis,"{
  ""metrics"": [
    {
      ""name"": ""Task completion rate"",
      ""unit"": ""percentage"",
      ""value"": ""30%""
    }
  ],
  ""baselines"": [
    {
      ""method"": ""Closed API-based language models"",
      ""performance"": ""30% of tasks completed autonomously""
    },
    {
      ""method"": ""Open-weights language models"",
      ""performance"": ""30% of tasks completed autonomously""
    }
  ],
  ""benchmarks"": [
    {
      ""name"": ""TheAgentCompany"",
      ""size"": ""Variety of tasks for a simulated workplace"",
      ""description"": ""A self-contained environment mimicking a small software company with various tasks.""
    }
  ],
  ""comparisons"": [
    {
      ""result"": ""Both achieved similar performance in task completion"",
      ""method_a"": ""Closed API-based language models"",
      ""method_b"": ""Open-weights language models""
    }
  ],
  ""key_findings"": [
    ""A good portion of simpler tasks could be solved autonomously, but more difficult long-horizon tasks are still beyond the reach of current systems.""
  ],
  ""statistical_analysis"": ""No specific statistical analysis or significance testing reported.""
}"
1ad83fe1-7b0f-4e93-90db-b4349af95ad4,a21464d6-f1e9-4b7e-9b63-fe78c774918d,Attention Is All You Need,1706.03762v7,key_finding,Key Finding Insight,Structured key finding extracted from paper,1.0,rubric_key_finding,2025-07-25T15:33:26.174554,significance; audience_hook; problem_solved; practical_impact; field_advancement; main_contribution; surprising_insight,"{
  ""significance"": ""By simplifying the architecture of sequence transduction models, the Transformer sets a new standard in natural language processing, influencing both academic research and practical applications."",
  ""audience_hook"": ""Imagine a world where translating languages is faster and more efficient than ever before, thanks to a groundbreaking new approach."",
  ""problem_solved"": ""The Transformer addresses the inefficiencies and limitations of traditional sequence models, providing a solution that enhances the speed and quality of language translation."",
  ""practical_impact"": ""This innovation allows practitioners to develop translation systems that are not only more accurate but also require less computational resources and time, making advanced language processing accessible to more users."",
  ""field_advancement"": ""The introduction of the Transformer architecture revolutionizes sequence transduction by relying solely on attention mechanisms, eliminating the need for complex recurrent or convolutional networks."",
  ""main_contribution"": ""The Transformer model achieves state-of-the-art results in machine translation tasks while being significantly faster and easier to train compared to previous models."",
  ""surprising_insight"": ""The realization that attention mechanisms alone can outperform complex architectures opens new avenues for research and application in various fields beyond just translation.""
}"
1f53ae27-7991-4cde-9ab7-ce2e1a611ce4,a21464d6-f1e9-4b7e-9b63-fe78c774918d,Attention Is All You Need,1706.03762v7,methodology,Implementation Methodology,Implementation methodology with 6 steps,1.0,rubric_methodology,2025-07-25T15:33:26.168087,steps; inputs; outputs; validation_approach,"{
  ""steps"": [
    {
      ""step"": ""Step 1: Tokenization"",
      ""description"": ""Tokenize the input text into sequences of tokens.""
    },
    {
      ""step"": ""Step 2: Embedding"",
      ""description"": ""Convert tokens into embeddings using learned positional encodings.""
    },
    {
      ""step"": ""Step 3: Self-Attention"",
      ""description"": ""Apply multi-head self-attention to the input embeddings.""
    },
    {
      ""step"": ""Step 4: Feed-Forward Network"",
      ""description"": ""Pass the output through feed-forward neural networks.""
    },
    {
      ""step"": ""Step 5: Stacking Layers"",
      ""description"": ""Stack multiple layers of attention and feed-forward networks.""
    },
    {
      ""step"": ""Step 6: Output Generation"",
      ""description"": ""Generate output sequences using a linear layer and softmax function.""
    }
  ],
  ""inputs"": [
    ""Input sequences in the form of tokenized text data""
  ],
  ""outputs"": [
    ""Translated sequences in the target language""
  ],
  ""validation_approach"": ""Evaluate model performance using BLEU scores on translation tasks.""
}"
e82975fa-31dc-4921-9154-9b4c6d44c3b7,a21464d6-f1e9-4b7e-9b63-fe78c774918d,Attention Is All You Need,1706.03762v7,framework,Framework: Attention Is All You Need,"Framework analysis: A network architecture based solely on attention mechanisms, eliminating the need for recurrence and convolutions.",0.63,rubric_framework,2025-07-25T15:33:26.144588,name; components; innovations; architecture; core_concept; comparison_to_existing,"{
  ""name"": ""Attention Is All You Need"",
  ""components"": [
    ""Encoder"",
    ""Decoder"",
    ""Attention Mechanism""
  ],
  ""innovations"": [
    ""Improved parallelization during training"",
    ""Significantly reduced training time"",
    ""State-of-the-art performance on translation tasks""
  ],
  ""architecture"": ""Transformer"",
  ""core_concept"": ""A network architecture based solely on attention mechanisms, eliminating the need for recurrence and convolutions."",
  ""comparison_to_existing"": ""The Transformer model outperforms existing models that rely on recurrent or convolutional neural networks, achieving better translation quality and requiring less training time.""
}"
242a1a49-548c-46cb-a95a-a991809f034b,7c830db3-6c56-42e3-8085-6339ec459844,TheAgentCompany: Benchmarking LLM Agents on Consequential Real World   Tasks,2412.14161v2,key_finding,Key Finding Insight,Structured key finding extracted from paper,1.0,rubric_key_finding,2025-07-25T15:28:03.519230,significance; audience_hook; problem_solved; practical_impact; field_advancement; main_contribution; surprising_insight,"{
  ""significance"": ""Reveals that while AI agents can handle basic tasks, they struggle with complex, long-term tasks, indicating a need for further development."",
  ""audience_hook"": ""Practitioners in AI and industry looking to integrate AI agents into workflows."",
  ""problem_solved"": ""Addresses the performance gap in AI agents for real-world professional tasks and their implications for labor markets."",
  ""practical_impact"": ""Highlights the potential for AI agents to automate simpler tasks, guiding industry decisions on AI adoption."",
  ""field_advancement"": ""Introduces TheAgentCompany benchmark for evaluating AI agents in real-world tasks."",
  ""main_contribution"": ""Demonstrates that the most competitive AI agent can autonomously complete 30% of tasks in a simulated workplace environment."",
  ""surprising_insight"": ""The finding that a significant portion of tasks can be automated, yet many complex tasks remain unmanageable by current AI systems.""
}"
18e0a455-bfea-473d-bbfe-1f8d24fa2de8,7c830db3-6c56-42e3-8085-6339ec459844,TheAgentCompany: Benchmarking LLM Agents on Consequential Real World   Tasks,2412.14161v2,data_point,Experimental Results (1 metrics),Quantitative results and performance metrics from experiments,1.0,rubric_data_point,2025-07-25T15:28:03.514991,metrics; baselines; benchmarks; comparisons; key_findings; statistical_analysis,"{
  ""metrics"": [
    {
      ""name"": ""Task completion rate"",
      ""unit"": ""percentage"",
      ""value"": ""30%""
    }
  ],
  ""baselines"": [
    {
      ""method"": ""Closed API-based language models"",
      ""performance"": ""30% of tasks completed autonomously""
    },
    {
      ""method"": ""Open-weights language models"",
      ""performance"": ""30% of tasks completed autonomously""
    }
  ],
  ""benchmarks"": [
    {
      ""name"": ""TheAgentCompany"",
      ""size"": ""Not specified"",
      ""description"": ""A self-contained environment mimicking a small software company with various tasks.""
    }
  ],
  ""comparisons"": [
    {
      ""result"": ""Both achieved 30% task completion autonomously"",
      ""method_a"": ""Closed API-based language models"",
      ""method_b"": ""Open-weights language models""
    }
  ],
  ""key_findings"": [
    ""A significant portion of simpler tasks can be solved autonomously, but more difficult long-horizon tasks remain challenging for current systems.""
  ],
  ""statistical_analysis"": ""Not specified""
}"
51477d5c-f9ce-4545-af44-be5db3199034,a21464d6-f1e9-4b7e-9b63-fe78c774918d,Attention Is All You Need,1706.03762v7,key_finding,Key Finding Insight,Structured key finding extracted from paper,1.0,rubric_key_finding,2025-07-25T15:27:55.285110,significance; audience_hook; problem_solved; practical_impact; field_advancement; main_contribution; surprising_insight,"{
  ""significance"": ""By simplifying the architecture and focusing on attention mechanisms, this work opens new avenues for research and application in natural language processing."",
  ""audience_hook"": ""Imagine a world where translating languages is faster and more efficient than ever before, thanks to a revolutionary new approach to neural networks."",
  ""problem_solved"": ""The Transformer addresses the limitations of previous models that required extensive computational resources and time, making high-quality translation more feasible."",
  ""practical_impact"": ""This innovation allows practitioners to train models more quickly and at a lower cost, making advanced machine translation accessible to a wider range of applications."",
  ""field_advancement"": ""The introduction of the Transformer architecture, which relies solely on attention mechanisms, marks a significant shift away from traditional recurrent and convolutional neural networks."",
  ""main_contribution"": ""The Transformer model achieves superior performance in machine translation tasks while being more efficient in training time and resource usage."",
  ""surprising_insight"": ""The ability of the Transformer to outperform complex models while being simpler and faster to train is a game-changer in the field of machine learning.""
}"
48b960e3-e111-4819-a7db-064094e87bbe,a21464d6-f1e9-4b7e-9b63-fe78c774918d,Attention Is All You Need,1706.03762v7,methodology,Implementation Methodology,Implementation methodology with 5 steps,1.0,rubric_methodology,2025-07-25T15:27:55.282254,steps; inputs; outputs; validation_approach,"{
  ""steps"": [
    {
      ""step"": ""Tokenization and embedding"",
      ""description"": ""Input sequences are tokenized and embedded into continuous representations.""
    },
    {
      ""step"": ""Add positional encodings"",
      ""description"": ""Positional encodings are added to the embedded sequences to retain the order of the tokens.""
    },
    {
      ""step"": ""Self-attention and feed-forward processing"",
      ""description"": ""The embedded sequences are processed through multiple layers of self-attention and feed-forward neural networks.""
    },
    {
      ""step"": ""Output generation"",
      ""description"": ""The output from the final layer is passed through a linear layer followed by a softmax layer to generate probabilities for the next token.""
    },
    {
      ""step"": ""Decoding output"",
      ""description"": ""The generated tokens are decoded to form the final translated sequence.""
    }
  ],
  ""inputs"": [
    ""Source sequences in text format""
  ],
  ""outputs"": [
    ""Translated sequences in text format""
  ],
  ""validation_approach"": ""Evaluation based on BLEU scores on benchmark translation tasks""
}"
10a3a4f3-0bd7-42cc-bcf3-7e41d5721568,a21464d6-f1e9-4b7e-9b63-fe78c774918d,Attention Is All You Need,1706.03762v7,framework,Framework: Attention Is All You Need,"Framework analysis: A network architecture based solely on attention mechanisms, eliminating the need for recurrence and convolutions.",0.63,rubric_framework,2025-07-25T15:27:55.257573,name; components; innovations; architecture; core_concept; comparison_to_existing,"{
  ""name"": ""Attention Is All You Need"",
  ""components"": [
    ""Encoder"",
    ""Decoder"",
    ""Attention Mechanism""
  ],
  ""innovations"": [
    ""Improved parallelization leading to faster training times."",
    ""Achieved state-of-the-art BLEU scores on machine translation tasks with less computational resources.""
  ],
  ""architecture"": ""Transformer"",
  ""core_concept"": ""A network architecture based solely on attention mechanisms, eliminating the need for recurrence and convolutions."",
  ""comparison_to_existing"": ""The Transformer model outperforms existing sequence transduction models that rely on recurrent or convolutional neural networks, achieving superior quality and efficiency.""
}"
6c9b26db-aec5-42c7-96b3-1affa9826dd9,7c830db3-6c56-42e3-8085-6339ec459844,TheAgentCompany: Benchmarking LLM Agents on Consequential Real World   Tasks,2412.14161v2,data_point,Experimental Results (1 metrics),Quantitative results and performance metrics from experiments,1.0,rubric_data_point,2025-07-25T15:12:34.146438,metrics; baselines; benchmarks; comparisons; key_findings; statistical_analysis,"{
  ""metrics"": [
    {
      ""name"": ""Task completion rate"",
      ""unit"": ""percentage"",
      ""value"": ""30%""
    }
  ],
  ""baselines"": [
    {
      ""method"": ""Closed API-based language models"",
      ""performance"": ""30% of tasks completed autonomously""
    },
    {
      ""method"": ""Open-weights language models"",
      ""performance"": ""30% of tasks completed autonomously""
    }
  ],
  ""benchmarks"": [
    {
      ""name"": ""TheAgentCompany"",
      ""size"": ""Not specified"",
      ""description"": ""A self-contained environment mimicking a small software company with various tasks.""
    }
  ],
  ""comparisons"": [
    {
      ""result"": ""Both achieved similar performance in task completion"",
      ""method_a"": ""Closed API-based language models"",
      ""method_b"": ""Open-weights language models""
    }
  ],
  ""key_findings"": [
    ""A good portion of simpler tasks could be solved autonomously, but more difficult long-horizon tasks are still beyond the reach of current systems.""
  ],
  ""statistical_analysis"": ""Not specified""
}"
2e6cc122-922a-4f3c-b744-7e441e1e5e8d,a21464d6-f1e9-4b7e-9b63-fe78c774918d,Attention Is All You Need,1706.03762v7,methodology,Implementation Methodology,Implementation methodology with 4 steps,1.0,rubric_methodology,2025-07-25T15:12:29.009951,steps; inputs; outputs; validation_approach,"{
  ""steps"": [
    {
      ""step"": ""Tokenization and embedding"",
      ""description"": ""Input sequences are tokenized and embedded into vectors.""
    },
    {
      ""step"": ""Add positional encodings"",
      ""description"": ""Positional encodings are added to the input embeddings to retain the order of sequences.""
    },
    {
      ""step"": ""Apply self-attention and feed-forward layers"",
      ""description"": ""The input is passed through multiple layers of self-attention and feed-forward neural networks.""
    },
    {
      ""step"": ""Generate output sequence"",
      ""description"": ""The output from the final layer is processed to generate the translated sequence.""
    }
  ],
  ""inputs"": [
    ""Source sequences in text format""
  ],
  ""outputs"": [
    ""Translated sequences in text format""
  ],
  ""validation_approach"": ""Evaluation based on BLEU scores on benchmark translation tasks""
}"
b8e17746-9917-46ca-8117-68ebcf47eb05,a21464d6-f1e9-4b7e-9b63-fe78c774918d,Attention Is All You Need,1706.03762v7,framework,Framework: Transformer,"Framework analysis: A network architecture based solely on attention mechanisms, eliminating the need for recurrence and convolutions.",0.63,rubric_framework,2025-07-25T15:12:28.991314,name; components; innovations; architecture; core_concept; comparison_to_existing,"{
  ""name"": ""Transformer"",
  ""components"": [
    ""Encoder"",
    ""Decoder"",
    ""Attention Mechanism""
  ],
  ""innovations"": [
    ""Complete reliance on attention mechanisms for sequence transduction"",
    ""Improved parallelization leading to faster training times"",
    ""Achieving state-of-the-art BLEU scores on translation tasks with reduced computational resources""
  ],
  ""architecture"": ""Transformer"",
  ""core_concept"": ""A network architecture based solely on attention mechanisms, eliminating the need for recurrence and convolutions."",
  ""comparison_to_existing"": ""The Transformer model outperforms existing models that rely on recurrent or convolutional neural networks, achieving superior translation quality and requiring significantly less training time.""
}"
